TIMESLICE,YEAR,VALUE
S11,2019,0.044
S11,2020,0.044
S11,2021,0.044
S11,2022,0.044
S11,2023,0.044
S11,2024,0.044
S11,2025,0.044
S11,2026,0.044
S11,2027,0.044
S11,2028,0.044
S11,2029,0.044
S11,2030,0.044
S11,2031,0.044
S11,2032,0.044
S11,2033,0.044
S11,2034,0.044
S11,2035,0.044
S11,2036,0.044
S11,2037,0.044
S11,2038,0.044
S11,2039,0.044
S11,2040,0.044
S11,2041,0.044
S11,2042,0.044
S11,2043,0.044
S11,2044,0.044
S11,2045,0.044
S11,2046,0.044
S11,2047,0.044
S11,2048,0.044
S11,2049,0.044
S11,2050,0.044
S12,2019,0.022
S12,2020,0.022
S12,2021,0.022
S12,2022,0.022
S12,2023,0.022
S12,2024,0.022
S12,2025,0.022
S12,2026,0.022
S12,2027,0.022
S12,2028,0.022
S12,2029,0.022
S12,2030,0.022
S12,2031,0.022
S12,2032,0.022
S12,2033,0.022
S12,2034,0.022
S12,2035,0.022
S12,2036,0.022
S12,2037,0.022
S12,2038,0.022
S12,2039,0.022
S12,2040,0.022
S12,2041,0.022
S12,2042,0.022
S12,2043,0.022
S12,2044,0.022
S12,2045,0.022
S12,2046,0.022
S12,2047,0.022
S12,2048,0.022
S12,2049,0.022
S12,2050,0.022
S13,2019,0.044
S13,2020,0.044
S13,2021,0.044
S13,2022,0.044
S13,2023,0.044
S13,2024,0.044
S13,2025,0.044
S13,2026,0.044
S13,2027,0.044
S13,2028,0.044
S13,2029,0.044
S13,2030,0.044
S13,2031,0.044
S13,2032,0.044
S13,2033,0.044
S13,2034,0.044
S13,2035,0.044
S13,2036,0.044
S13,2037,0.044
S13,2038,0.044
S13,2039,0.044
S13,2040,0.044
S13,2041,0.044
S13,2042,0.044
S13,2043,0.044
S13,2044,0.044
S13,2045,0.044
S13,2046,0.044
S13,2047,0.044
S13,2048,0.044
S13,2049,0.044
S13,2050,0.044
S14,2019,0.0294
S14,2020,0.0294
S14,2021,0.0294
S14,2022,0.0294
S14,2023,0.0294
S14,2024,0.0294
S14,2025,0.0294
S14,2026,0.0294
S14,2027,0.0294
S14,2028,0.0294
S14,2029,0.0294
S14,2030,0.0294
S14,2031,0.0294
S14,2032,0.0294
S14,2033,0.0294
S14,2034,0.0294
S14,2035,0.0294
S14,2036,0.0294
S14,2037,0.0294
S14,2038,0.0294
S14,2039,0.0294
S14,2040,0.0294
S14,2041,0.0294
S14,2042,0.0294
S14,2043,0.0294
S14,2044,0.0294
S14,2045,0.0294
S14,2046,0.0294
S14,2047,0.0294
S14,2048,0.0294
S14,2049,0.0294
S14,2050,0.0294
S15,2019,0.0147
S15,2020,0.0147
S15,2021,0.0147
S15,2022,0.0147
S15,2023,0.0147
S15,2024,0.0147
S15,2025,0.0147
S15,2026,0.0147
S15,2027,0.0147
S15,2028,0.0147
S15,2029,0.0147
S15,2030,0.0147
S15,2031,0.0147
S15,2032,0.0147
S15,2033,0.0147
S15,2034,0.0147
S15,2035,0.0147
S15,2036,0.0147
S15,2037,0.0147
S15,2038,0.0147
S15,2039,0.0147
S15,2040,0.0147
S15,2041,0.0147
S15,2042,0.0147
S15,2043,0.0147
S15,2044,0.0147
S15,2045,0.0147
S15,2046,0.0147
S15,2047,0.0147
S15,2048,0.0147
S15,2049,0.0147
S15,2050,0.0147
S16,2019,0.022
S16,2020,0.022
S16,2021,0.022
S16,2022,0.022
S16,2023,0.022
S16,2024,0.022
S16,2025,0.022
S16,2026,0.022
S16,2027,0.022
S16,2028,0.022
S16,2029,0.022
S16,2030,0.022
S16,2031,0.022
S16,2032,0.022
S16,2033,0.022
S16,2034,0.022
S16,2035,0.022
S16,2036,0.022
S16,2037,0.022
S16,2038,0.022
S16,2039,0.022
S16,2040,0.022
S16,2041,0.022
S16,2042,0.022
S16,2043,0.022
S16,2044,0.022
S16,2045,0.022
S16,2046,0.022
S16,2047,0.022
S16,2048,0.022
S16,2049,0.022
S16,2050,0.022
S21,2019,0.0176
S21,2020,0.0176
S21,2021,0.0176
S21,2022,0.0176
S21,2023,0.0176
S21,2024,0.0176
S21,2025,0.0176
S21,2026,0.0176
S21,2027,0.0176
S21,2028,0.0176
S21,2029,0.0176
S21,2030,0.0176
S21,2031,0.0176
S21,2032,0.0176
S21,2033,0.0176
S21,2034,0.0176
S21,2035,0.0176
S21,2036,0.0176
S21,2037,0.0176
S21,2038,0.0176
S21,2039,0.0176
S21,2040,0.0176
S21,2041,0.0176
S21,2042,0.0176
S21,2043,0.0176
S21,2044,0.0176
S21,2045,0.0176
S21,2046,0.0176
S21,2047,0.0176
S21,2048,0.0176
S21,2049,0.0176
S21,2050,0.0176
S22,2019,0.0088
S22,2020,0.0088
S22,2021,0.0088
S22,2022,0.0088
S22,2023,0.0088
S22,2024,0.0088
S22,2025,0.0088
S22,2026,0.0088
S22,2027,0.0088
S22,2028,0.0088
S22,2029,0.0088
S22,2030,0.0088
S22,2031,0.0088
S22,2032,0.0088
S22,2033,0.0088
S22,2034,0.0088
S22,2035,0.0088
S22,2036,0.0088
S22,2037,0.0088
S22,2038,0.0088
S22,2039,0.0088
S22,2040,0.0088
S22,2041,0.0088
S22,2042,0.0088
S22,2043,0.0088
S22,2044,0.0088
S22,2045,0.0088
S22,2046,0.0088
S22,2047,0.0088
S22,2048,0.0088
S22,2049,0.0088
S22,2050,0.0088
S23,2019,0.0176
S23,2020,0.0176
S23,2021,0.0176
S23,2022,0.0176
S23,2023,0.0176
S23,2024,0.0176
S23,2025,0.0176
S23,2026,0.0176
S23,2027,0.0176
S23,2028,0.0176
S23,2029,0.0176
S23,2030,0.0176
S23,2031,0.0176
S23,2032,0.0176
S23,2033,0.0176
S23,2034,0.0176
S23,2035,0.0176
S23,2036,0.0176
S23,2037,0.0176
S23,2038,0.0176
S23,2039,0.0176
S23,2040,0.0176
S23,2041,0.0176
S23,2042,0.0176
S23,2043,0.0176
S23,2044,0.0176
S23,2045,0.0176
S23,2046,0.0176
S23,2047,0.0176
S23,2048,0.0176
S23,2049,0.0176
S23,2050,0.0176
S24,2019,0.0117
S24,2020,0.0117
S24,2021,0.0117
S24,2022,0.0117
S24,2023,0.0117
S24,2024,0.0117
S24,2025,0.0117
S24,2026,0.0117
S24,2027,0.0117
S24,2028,0.0117
S24,2029,0.0117
S24,2030,0.0117
S24,2031,0.0117
S24,2032,0.0117
S24,2033,0.0117
S24,2034,0.0117
S24,2035,0.0117
S24,2036,0.0117
S24,2037,0.0117
S24,2038,0.0117
S24,2039,0.0117
S24,2040,0.0117
S24,2041,0.0117
S24,2042,0.0117
S24,2043,0.0117
S24,2044,0.0117
S24,2045,0.0117
S24,2046,0.0117
S24,2047,0.0117
S24,2048,0.0117
S24,2049,0.0117
S24,2050,0.0117
S25,2019,0.0059
S25,2020,0.0059
S25,2021,0.0059
S25,2022,0.0059
S25,2023,0.0059
S25,2024,0.0059
S25,2025,0.0059
S25,2026,0.0059
S25,2027,0.0059
S25,2028,0.0059
S25,2029,0.0059
S25,2030,0.0059
S25,2031,0.0059
S25,2032,0.0059
S25,2033,0.0059
S25,2034,0.0059
S25,2035,0.0059
S25,2036,0.0059
S25,2037,0.0059
S25,2038,0.0059
S25,2039,0.0059
S25,2040,0.0059
S25,2041,0.0059
S25,2042,0.0059
S25,2043,0.0059
S25,2044,0.0059
S25,2045,0.0059
S25,2046,0.0059
S25,2047,0.0059
S25,2048,0.0059
S25,2049,0.0059
S25,2050,0.0059
S26,2019,0.0088
S26,2020,0.0088
S26,2021,0.0088
S26,2022,0.0088
S26,2023,0.0088
S26,2024,0.0088
S26,2025,0.0088
S26,2026,0.0088
S26,2027,0.0088
S26,2028,0.0088
S26,2029,0.0088
S26,2030,0.0088
S26,2031,0.0088
S26,2032,0.0088
S26,2033,0.0088
S26,2034,0.0088
S26,2035,0.0088
S26,2036,0.0088
S26,2037,0.0088
S26,2038,0.0088
S26,2039,0.0088
S26,2040,0.0088
S26,2041,0.0088
S26,2042,0.0088
S26,2043,0.0088
S26,2044,0.0088
S26,2045,0.0088
S26,2046,0.0088
S26,2047,0.0088
S26,2048,0.0088
S26,2049,0.0088
S26,2050,0.0088
S31,2019,0.0298
S31,2020,0.0298
S31,2021,0.0298
S31,2022,0.0298
S31,2023,0.0298
S31,2024,0.0298
S31,2025,0.0298
S31,2026,0.0298
S31,2027,0.0298
S31,2028,0.0298
S31,2029,0.0298
S31,2030,0.0298
S31,2031,0.0298
S31,2032,0.0298
S31,2033,0.0298
S31,2034,0.0298
S31,2035,0.0298
S31,2036,0.0298
S31,2037,0.0298
S31,2038,0.0298
S31,2039,0.0298
S31,2040,0.0298
S31,2041,0.0298
S31,2042,0.0298
S31,2043,0.0298
S31,2044,0.0298
S31,2045,0.0298
S31,2046,0.0298
S31,2047,0.0298
S31,2048,0.0298
S31,2049,0.0298
S31,2050,0.0298
S32,2019,0.0149
S32,2020,0.0149
S32,2021,0.0149
S32,2022,0.0149
S32,2023,0.0149
S32,2024,0.0149
S32,2025,0.0149
S32,2026,0.0149
S32,2027,0.0149
S32,2028,0.0149
S32,2029,0.0149
S32,2030,0.0149
S32,2031,0.0149
S32,2032,0.0149
S32,2033,0.0149
S32,2034,0.0149
S32,2035,0.0149
S32,2036,0.0149
S32,2037,0.0149
S32,2038,0.0149
S32,2039,0.0149
S32,2040,0.0149
S32,2041,0.0149
S32,2042,0.0149
S32,2043,0.0149
S32,2044,0.0149
S32,2045,0.0149
S32,2046,0.0149
S32,2047,0.0149
S32,2048,0.0149
S32,2049,0.0149
S32,2050,0.0149
S33,2019,0.0298
S33,2020,0.0298
S33,2021,0.0298
S33,2022,0.0298
S33,2023,0.0298
S33,2024,0.0298
S33,2025,0.0298
S33,2026,0.0298
S33,2027,0.0298
S33,2028,0.0298
S33,2029,0.0298
S33,2030,0.0298
S33,2031,0.0298
S33,2032,0.0298
S33,2033,0.0298
S33,2034,0.0298
S33,2035,0.0298
S33,2036,0.0298
S33,2037,0.0298
S33,2038,0.0298
S33,2039,0.0298
S33,2040,0.0298
S33,2041,0.0298
S33,2042,0.0298
S33,2043,0.0298
S33,2044,0.0298
S33,2045,0.0298
S33,2046,0.0298
S33,2047,0.0298
S33,2048,0.0298
S33,2049,0.0298
S33,2050,0.0298
S34,2019,0.0199
S34,2020,0.0199
S34,2021,0.0199
S34,2022,0.0199
S34,2023,0.0199
S34,2024,0.0199
S34,2025,0.0199
S34,2026,0.0199
S34,2027,0.0199
S34,2028,0.0199
S34,2029,0.0199
S34,2030,0.0199
S34,2031,0.0199
S34,2032,0.0199
S34,2033,0.0199
S34,2034,0.0199
S34,2035,0.0199
S34,2036,0.0199
S34,2037,0.0199
S34,2038,0.0199
S34,2039,0.0199
S34,2040,0.0199
S34,2041,0.0199
S34,2042,0.0199
S34,2043,0.0199
S34,2044,0.0199
S34,2045,0.0199
S34,2046,0.0199
S34,2047,0.0199
S34,2048,0.0199
S34,2049,0.0199
S34,2050,0.0199
S35,2019,0.01
S35,2020,0.01
S35,2021,0.01
S35,2022,0.01
S35,2023,0.01
S35,2024,0.01
S35,2025,0.01
S35,2026,0.01
S35,2027,0.01
S35,2028,0.01
S35,2029,0.01
S35,2030,0.01
S35,2031,0.01
S35,2032,0.01
S35,2033,0.01
S35,2034,0.01
S35,2035,0.01
S35,2036,0.01
S35,2037,0.01
S35,2038,0.01
S35,2039,0.01
S35,2040,0.01
S35,2041,0.01
S35,2042,0.01
S35,2043,0.01
S35,2044,0.01
S35,2045,0.01
S35,2046,0.01
S35,2047,0.01
S35,2048,0.01
S35,2049,0.01
S35,2050,0.01
S36,2019,0.0149
S36,2020,0.0149
S36,2021,0.0149
S36,2022,0.0149
S36,2023,0.0149
S36,2024,0.0149
S36,2025,0.0149
S36,2026,0.0149
S36,2027,0.0149
S36,2028,0.0149
S36,2029,0.0149
S36,2030,0.0149
S36,2031,0.0149
S36,2032,0.0149
S36,2033,0.0149
S36,2034,0.0149
S36,2035,0.0149
S36,2036,0.0149
S36,2037,0.0149
S36,2038,0.0149
S36,2039,0.0149
S36,2040,0.0149
S36,2041,0.0149
S36,2042,0.0149
S36,2043,0.0149
S36,2044,0.0149
S36,2045,0.0149
S36,2046,0.0149
S36,2047,0.0149
S36,2048,0.0149
S36,2049,0.0149
S36,2050,0.0149
S41,2019,0.0119
S41,2020,0.0119
S41,2021,0.0119
S41,2022,0.0119
S41,2023,0.0119
S41,2024,0.0119
S41,2025,0.0119
S41,2026,0.0119
S41,2027,0.0119
S41,2028,0.0119
S41,2029,0.0119
S41,2030,0.0119
S41,2031,0.0119
S41,2032,0.0119
S41,2033,0.0119
S41,2034,0.0119
S41,2035,0.0119
S41,2036,0.0119
S41,2037,0.0119
S41,2038,0.0119
S41,2039,0.0119
S41,2040,0.0119
S41,2041,0.0119
S41,2042,0.0119
S41,2043,0.0119
S41,2044,0.0119
S41,2045,0.0119
S41,2046,0.0119
S41,2047,0.0119
S41,2048,0.0119
S41,2049,0.0119
S41,2050,0.0119
S42,2019,0.006
S42,2020,0.006
S42,2021,0.006
S42,2022,0.006
S42,2023,0.006
S42,2024,0.006
S42,2025,0.006
S42,2026,0.006
S42,2027,0.006
S42,2028,0.006
S42,2029,0.006
S42,2030,0.006
S42,2031,0.006
S42,2032,0.006
S42,2033,0.006
S42,2034,0.006
S42,2035,0.006
S42,2036,0.006
S42,2037,0.006
S42,2038,0.006
S42,2039,0.006
S42,2040,0.006
S42,2041,0.006
S42,2042,0.006
S42,2043,0.006
S42,2044,0.006
S42,2045,0.006
S42,2046,0.006
S42,2047,0.006
S42,2048,0.006
S42,2049,0.006
S42,2050,0.006
S43,2019,0.0119
S43,2020,0.0119
S43,2021,0.0119
S43,2022,0.0119
S43,2023,0.0119
S43,2024,0.0119
S43,2025,0.0119
S43,2026,0.0119
S43,2027,0.0119
S43,2028,0.0119
S43,2029,0.0119
S43,2030,0.0119
S43,2031,0.0119
S43,2032,0.0119
S43,2033,0.0119
S43,2034,0.0119
S43,2035,0.0119
S43,2036,0.0119
S43,2037,0.0119
S43,2038,0.0119
S43,2039,0.0119
S43,2040,0.0119
S43,2041,0.0119
S43,2042,0.0119
S43,2043,0.0119
S43,2044,0.0119
S43,2045,0.0119
S43,2046,0.0119
S43,2047,0.0119
S43,2048,0.0119
S43,2049,0.0119
S43,2050,0.0119
S44,2019,0.008
S44,2020,0.008
S44,2021,0.008
S44,2022,0.008
S44,2023,0.008
S44,2024,0.008
S44,2025,0.008
S44,2026,0.008
S44,2027,0.008
S44,2028,0.008
S44,2029,0.008
S44,2030,0.008
S44,2031,0.008
S44,2032,0.008
S44,2033,0.008
S44,2034,0.008
S44,2035,0.008
S44,2036,0.008
S44,2037,0.008
S44,2038,0.008
S44,2039,0.008
S44,2040,0.008
S44,2041,0.008
S44,2042,0.008
S44,2043,0.008
S44,2044,0.008
S44,2045,0.008
S44,2046,0.008
S44,2047,0.008
S44,2048,0.008
S44,2049,0.008
S44,2050,0.008
S45,2019,0.004
S45,2020,0.004
S45,2021,0.004
S45,2022,0.004
S45,2023,0.004
S45,2024,0.004
S45,2025,0.004
S45,2026,0.004
S45,2027,0.004
S45,2028,0.004
S45,2029,0.004
S45,2030,0.004
S45,2031,0.004
S45,2032,0.004
S45,2033,0.004
S45,2034,0.004
S45,2035,0.004
S45,2036,0.004
S45,2037,0.004
S45,2038,0.004
S45,2039,0.004
S45,2040,0.004
S45,2041,0.004
S45,2042,0.004
S45,2043,0.004
S45,2044,0.004
S45,2045,0.004
S45,2046,0.004
S45,2047,0.004
S45,2048,0.004
S45,2049,0.004
S45,2050,0.004
S46,2019,0.006
S46,2020,0.006
S46,2021,0.006
S46,2022,0.006
S46,2023,0.006
S46,2024,0.006
S46,2025,0.006
S46,2026,0.006
S46,2027,0.006
S46,2028,0.006
S46,2029,0.006
S46,2030,0.006
S46,2031,0.006
S46,2032,0.006
S46,2033,0.006
S46,2034,0.006
S46,2035,0.006
S46,2036,0.006
S46,2037,0.006
S46,2038,0.006
S46,2039,0.006
S46,2040,0.006
S46,2041,0.006
S46,2042,0.006
S46,2043,0.006
S46,2044,0.006
S46,2045,0.006
S46,2046,0.006
S46,2047,0.006
S46,2048,0.006
S46,2049,0.006
S46,2050,0.006
S51,2019,0.0597
S51,2020,0.0597
S51,2021,0.0597
S51,2022,0.0597
S51,2023,0.0597
S51,2024,0.0597
S51,2025,0.0597
S51,2026,0.0597
S51,2027,0.0597
S51,2028,0.0597
S51,2029,0.0597
S51,2030,0.0597
S51,2031,0.0597
S51,2032,0.0597
S51,2033,0.0597
S51,2034,0.0597
S51,2035,0.0597
S51,2036,0.0597
S51,2037,0.0597
S51,2038,0.0597
S51,2039,0.0597
S51,2040,0.0597
S51,2041,0.0597
S51,2042,0.0597
S51,2043,0.0597
S51,2044,0.0597
S51,2045,0.0597
S51,2046,0.0597
S51,2047,0.0597
S51,2048,0.0597
S51,2049,0.0597
S51,2050,0.0597
S52,2019,0.0298
S52,2020,0.0298
S52,2021,0.0298
S52,2022,0.0298
S52,2023,0.0298
S52,2024,0.0298
S52,2025,0.0298
S52,2026,0.0298
S52,2027,0.0298
S52,2028,0.0298
S52,2029,0.0298
S52,2030,0.0298
S52,2031,0.0298
S52,2032,0.0298
S52,2033,0.0298
S52,2034,0.0298
S52,2035,0.0298
S52,2036,0.0298
S52,2037,0.0298
S52,2038,0.0298
S52,2039,0.0298
S52,2040,0.0298
S52,2041,0.0298
S52,2042,0.0298
S52,2043,0.0298
S52,2044,0.0298
S52,2045,0.0298
S52,2046,0.0298
S52,2047,0.0298
S52,2048,0.0298
S52,2049,0.0298
S52,2050,0.0298
S53,2019,0.0597
S53,2020,0.0597
S53,2021,0.0597
S53,2022,0.0597
S53,2023,0.0597
S53,2024,0.0597
S53,2025,0.0597
S53,2026,0.0597
S53,2027,0.0597
S53,2028,0.0597
S53,2029,0.0597
S53,2030,0.0597
S53,2031,0.0597
S53,2032,0.0597
S53,2033,0.0597
S53,2034,0.0597
S53,2035,0.0597
S53,2036,0.0597
S53,2037,0.0597
S53,2038,0.0597
S53,2039,0.0597
S53,2040,0.0597
S53,2041,0.0597
S53,2042,0.0597
S53,2043,0.0597
S53,2044,0.0597
S53,2045,0.0597
S53,2046,0.0597
S53,2047,0.0597
S53,2048,0.0597
S53,2049,0.0597
S53,2050,0.0597
S54,2019,0.0398
S54,2020,0.0398
S54,2021,0.0398
S54,2022,0.0398
S54,2023,0.0398
S54,2024,0.0398
S54,2025,0.0398
S54,2026,0.0398
S54,2027,0.0398
S54,2028,0.0398
S54,2029,0.0398
S54,2030,0.0398
S54,2031,0.0398
S54,2032,0.0398
S54,2033,0.0398
S54,2034,0.0398
S54,2035,0.0398
S54,2036,0.0398
S54,2037,0.0398
S54,2038,0.0398
S54,2039,0.0398
S54,2040,0.0398
S54,2041,0.0398
S54,2042,0.0398
S54,2043,0.0398
S54,2044,0.0398
S54,2045,0.0398
S54,2046,0.0398
S54,2047,0.0398
S54,2048,0.0398
S54,2049,0.0398
S54,2050,0.0398
S55,2019,0.0199
S55,2020,0.0199
S55,2021,0.0199
S55,2022,0.0199
S55,2023,0.0199
S55,2024,0.0199
S55,2025,0.0199
S55,2026,0.0199
S55,2027,0.0199
S55,2028,0.0199
S55,2029,0.0199
S55,2030,0.0199
S55,2031,0.0199
S55,2032,0.0199
S55,2033,0.0199
S55,2034,0.0199
S55,2035,0.0199
S55,2036,0.0199
S55,2037,0.0199
S55,2038,0.0199
S55,2039,0.0199
S55,2040,0.0199
S55,2041,0.0199
S55,2042,0.0199
S55,2043,0.0199
S55,2044,0.0199
S55,2045,0.0199
S55,2046,0.0199
S55,2047,0.0199
S55,2048,0.0199
S55,2049,0.0199
S55,2050,0.0199
S56,2019,0.0298
S56,2020,0.0298
S56,2021,0.0298
S56,2022,0.0298
S56,2023,0.0298
S56,2024,0.0298
S56,2025,0.0298
S56,2026,0.0298
S56,2027,0.0298
S56,2028,0.0298
S56,2029,0.0298
S56,2030,0.0298
S56,2031,0.0298
S56,2032,0.0298
S56,2033,0.0298
S56,2034,0.0298
S56,2035,0.0298
S56,2036,0.0298
S56,2037,0.0298
S56,2038,0.0298
S56,2039,0.0298
S56,2040,0.0298
S56,2041,0.0298
S56,2042,0.0298
S56,2043,0.0298
S56,2044,0.0298
S56,2045,0.0298
S56,2046,0.0298
S56,2047,0.0298
S56,2048,0.0298
S56,2049,0.0298
S56,2050,0.0298
S61,2019,0.0239
S61,2020,0.0239
S61,2021,0.0239
S61,2022,0.0239
S61,2023,0.0239
S61,2024,0.0239
S61,2025,0.0239
S61,2026,0.0239
S61,2027,0.0239
S61,2028,0.0239
S61,2029,0.0239
S61,2030,0.0239
S61,2031,0.0239
S61,2032,0.0239
S61,2033,0.0239
S61,2034,0.0239
S61,2035,0.0239
S61,2036,0.0239
S61,2037,0.0239
S61,2038,0.0239
S61,2039,0.0239
S61,2040,0.0239
S61,2041,0.0239
S61,2042,0.0239
S61,2043,0.0239
S61,2044,0.0239
S61,2045,0.0239
S61,2046,0.0239
S61,2047,0.0239
S61,2048,0.0239
S61,2049,0.0239
S61,2050,0.0239
S62,2019,0.0119
S62,2020,0.0119
S62,2021,0.0119
S62,2022,0.0119
S62,2023,0.0119
S62,2024,0.0119
S62,2025,0.0119
S62,2026,0.0119
S62,2027,0.0119
S62,2028,0.0119
S62,2029,0.0119
S62,2030,0.0119
S62,2031,0.0119
S62,2032,0.0119
S62,2033,0.0119
S62,2034,0.0119
S62,2035,0.0119
S62,2036,0.0119
S62,2037,0.0119
S62,2038,0.0119
S62,2039,0.0119
S62,2040,0.0119
S62,2041,0.0119
S62,2042,0.0119
S62,2043,0.0119
S62,2044,0.0119
S62,2045,0.0119
S62,2046,0.0119
S62,2047,0.0119
S62,2048,0.0119
S62,2049,0.0119
S62,2050,0.0119
S63,2019,0.0239
S63,2020,0.0239
S63,2021,0.0239
S63,2022,0.0239
S63,2023,0.0239
S63,2024,0.0239
S63,2025,0.0239
S63,2026,0.0239
S63,2027,0.0239
S63,2028,0.0239
S63,2029,0.0239
S63,2030,0.0239
S63,2031,0.0239
S63,2032,0.0239
S63,2033,0.0239
S63,2034,0.0239
S63,2035,0.0239
S63,2036,0.0239
S63,2037,0.0239
S63,2038,0.0239
S63,2039,0.0239
S63,2040,0.0239
S63,2041,0.0239
S63,2042,0.0239
S63,2043,0.0239
S63,2044,0.0239
S63,2045,0.0239
S63,2046,0.0239
S63,2047,0.0239
S63,2048,0.0239
S63,2049,0.0239
S63,2050,0.0239
S64,2019,0.0159
S64,2020,0.0159
S64,2021,0.0159
S64,2022,0.0159
S64,2023,0.0159
S64,2024,0.0159
S64,2025,0.0159
S64,2026,0.0159
S64,2027,0.0159
S64,2028,0.0159
S64,2029,0.0159
S64,2030,0.0159
S64,2031,0.0159
S64,2032,0.0159
S64,2033,0.0159
S64,2034,0.0159
S64,2035,0.0159
S64,2036,0.0159
S64,2037,0.0159
S64,2038,0.0159
S64,2039,0.0159
S64,2040,0.0159
S64,2041,0.0159
S64,2042,0.0159
S64,2043,0.0159
S64,2044,0.0159
S64,2045,0.0159
S64,2046,0.0159
S64,2047,0.0159
S64,2048,0.0159
S64,2049,0.0159
S64,2050,0.0159
S65,2019,0.008
S65,2020,0.008
S65,2021,0.008
S65,2022,0.008
S65,2023,0.008
S65,2024,0.008
S65,2025,0.008
S65,2026,0.008
S65,2027,0.008
S65,2028,0.008
S65,2029,0.008
S65,2030,0.008
S65,2031,0.008
S65,2032,0.008
S65,2033,0.008
S65,2034,0.008
S65,2035,0.008
S65,2036,0.008
S65,2037,0.008
S65,2038,0.008
S65,2039,0.008
S65,2040,0.008
S65,2041,0.008
S65,2042,0.008
S65,2043,0.008
S65,2044,0.008
S65,2045,0.008
S65,2046,0.008
S65,2047,0.008
S65,2048,0.008
S65,2049,0.008
S65,2050,0.008
S66,2019,0.0119
S66,2020,0.0119
S66,2021,0.0119
S66,2022,0.0119
S66,2023,0.0119
S66,2024,0.0119
S66,2025,0.0119
S66,2026,0.0119
S66,2027,0.0119
S66,2028,0.0119
S66,2029,0.0119
S66,2030,0.0119
S66,2031,0.0119
S66,2032,0.0119
S66,2033,0.0119
S66,2034,0.0119
S66,2035,0.0119
S66,2036,0.0119
S66,2037,0.0119
S66,2038,0.0119
S66,2039,0.0119
S66,2040,0.0119
S66,2041,0.0119
S66,2042,0.0119
S66,2043,0.0119
S66,2044,0.0119
S66,2045,0.0119
S66,2046,0.0119
S66,2047,0.0119
S66,2048,0.0119
S66,2049,0.0119
S66,2050,0.0119
S71,2019,0.045
S71,2020,0.045
S71,2021,0.045
S71,2022,0.045
S71,2023,0.045
S71,2024,0.045
S71,2025,0.045
S71,2026,0.045
S71,2027,0.045
S71,2028,0.045
S71,2029,0.045
S71,2030,0.045
S71,2031,0.045
S71,2032,0.045
S71,2033,0.045
S71,2034,0.045
S71,2035,0.045
S71,2036,0.045
S71,2037,0.045
S71,2038,0.045
S71,2039,0.045
S71,2040,0.045
S71,2041,0.045
S71,2042,0.045
S71,2043,0.045
S71,2044,0.045
S71,2045,0.045
S71,2046,0.045
S71,2047,0.045
S71,2048,0.045
S71,2049,0.045
S71,2050,0.045
S72,2019,0.0225
S72,2020,0.0225
S72,2021,0.0225
S72,2022,0.0225
S72,2023,0.0225
S72,2024,0.0225
S72,2025,0.0225
S72,2026,0.0225
S72,2027,0.0225
S72,2028,0.0225
S72,2029,0.0225
S72,2030,0.0225
S72,2031,0.0225
S72,2032,0.0225
S72,2033,0.0225
S72,2034,0.0225
S72,2035,0.0225
S72,2036,0.0225
S72,2037,0.0225
S72,2038,0.0225
S72,2039,0.0225
S72,2040,0.0225
S72,2041,0.0225
S72,2042,0.0225
S72,2043,0.0225
S72,2044,0.0225
S72,2045,0.0225
S72,2046,0.0225
S72,2047,0.0225
S72,2048,0.0225
S72,2049,0.0225
S72,2050,0.0225
S73,2019,0.045
S73,2020,0.045
S73,2021,0.045
S73,2022,0.045
S73,2023,0.045
S73,2024,0.045
S73,2025,0.045
S73,2026,0.045
S73,2027,0.045
S73,2028,0.045
S73,2029,0.045
S73,2030,0.045
S73,2031,0.045
S73,2032,0.045
S73,2033,0.045
S73,2034,0.045
S73,2035,0.045
S73,2036,0.045
S73,2037,0.045
S73,2038,0.045
S73,2039,0.045
S73,2040,0.045
S73,2041,0.045
S73,2042,0.045
S73,2043,0.045
S73,2044,0.045
S73,2045,0.045
S73,2046,0.045
S73,2047,0.045
S73,2048,0.045
S73,2049,0.045
S73,2050,0.045
S74,2019,0.03
S74,2020,0.03
S74,2021,0.03
S74,2022,0.03
S74,2023,0.03
S74,2024,0.03
S74,2025,0.03
S74,2026,0.03
S74,2027,0.03
S74,2028,0.03
S74,2029,0.03
S74,2030,0.03
S74,2031,0.03
S74,2032,0.03
S74,2033,0.03
S74,2034,0.03
S74,2035,0.03
S74,2036,0.03
S74,2037,0.03
S74,2038,0.03
S74,2039,0.03
S74,2040,0.03
S74,2041,0.03
S74,2042,0.03
S74,2043,0.03
S74,2044,0.03
S74,2045,0.03
S74,2046,0.03
S74,2047,0.03
S74,2048,0.03
S74,2049,0.03
S74,2050,0.03
S75,2019,0.015
S75,2020,0.015
S75,2021,0.015
S75,2022,0.015
S75,2023,0.015
S75,2024,0.015
S75,2025,0.015
S75,2026,0.015
S75,2027,0.015
S75,2028,0.015
S75,2029,0.015
S75,2030,0.015
S75,2031,0.015
S75,2032,0.015
S75,2033,0.015
S75,2034,0.015
S75,2035,0.015
S75,2036,0.015
S75,2037,0.015
S75,2038,0.015
S75,2039,0.015
S75,2040,0.015
S75,2041,0.015
S75,2042,0.015
S75,2043,0.015
S75,2044,0.015
S75,2045,0.015
S75,2046,0.015
S75,2047,0.015
S75,2048,0.015
S75,2049,0.015
S75,2050,0.015
S76,2019,0.0225
S76,2020,0.0225
S76,2021,0.0225
S76,2022,0.0225
S76,2023,0.0225
S76,2024,0.0225
S76,2025,0.0225
S76,2026,0.0225
S76,2027,0.0225
S76,2028,0.0225
S76,2029,0.0225
S76,2030,0.0225
S76,2031,0.0225
S76,2032,0.0225
S76,2033,0.0225
S76,2034,0.0225
S76,2035,0.0225
S76,2036,0.0225
S76,2037,0.0225
S76,2038,0.0225
S76,2039,0.0225
S76,2040,0.0225
S76,2041,0.0225
S76,2042,0.0225
S76,2043,0.0225
S76,2044,0.0225
S76,2045,0.0225
S76,2046,0.0225
S76,2047,0.0225
S76,2048,0.0225
S76,2049,0.0225
S76,2050,0.0225
S81,2019,0.018
S81,2020,0.018
S81,2021,0.018
S81,2022,0.018
S81,2023,0.018
S81,2024,0.018
S81,2025,0.018
S81,2026,0.018
S81,2027,0.018
S81,2028,0.018
S81,2029,0.018
S81,2030,0.018
S81,2031,0.018
S81,2032,0.018
S81,2033,0.018
S81,2034,0.018
S81,2035,0.018
S81,2036,0.018
S81,2037,0.018
S81,2038,0.018
S81,2039,0.018
S81,2040,0.018
S81,2041,0.018
S81,2042,0.018
S81,2043,0.018
S81,2044,0.018
S81,2045,0.018
S81,2046,0.018
S81,2047,0.018
S81,2048,0.018
S81,2049,0.018
S81,2050,0.018
S82,2019,0.009
S82,2020,0.009
S82,2021,0.009
S82,2022,0.009
S82,2023,0.009
S82,2024,0.009
S82,2025,0.009
S82,2026,0.009
S82,2027,0.009
S82,2028,0.009
S82,2029,0.009
S82,2030,0.009
S82,2031,0.009
S82,2032,0.009
S82,2033,0.009
S82,2034,0.009
S82,2035,0.009
S82,2036,0.009
S82,2037,0.009
S82,2038,0.009
S82,2039,0.009
S82,2040,0.009
S82,2041,0.009
S82,2042,0.009
S82,2043,0.009
S82,2044,0.009
S82,2045,0.009
S82,2046,0.009
S82,2047,0.009
S82,2048,0.009
S82,2049,0.009
S82,2050,0.009
S83,2019,0.018
S83,2020,0.018
S83,2021,0.018
S83,2022,0.018
S83,2023,0.018
S83,2024,0.018
S83,2025,0.018
S83,2026,0.018
S83,2027,0.018
S83,2028,0.018
S83,2029,0.018
S83,2030,0.018
S83,2031,0.018
S83,2032,0.018
S83,2033,0.018
S83,2034,0.018
S83,2035,0.018
S83,2036,0.018
S83,2037,0.018
S83,2038,0.018
S83,2039,0.018
S83,2040,0.018
S83,2041,0.018
S83,2042,0.018
S83,2043,0.018
S83,2044,0.018
S83,2045,0.018
S83,2046,0.018
S83,2047,0.018
S83,2048,0.018
S83,2049,0.018
S83,2050,0.018
S84,2019,0.012
S84,2020,0.012
S84,2021,0.012
S84,2022,0.012
S84,2023,0.012
S84,2024,0.012
S84,2025,0.012
S84,2026,0.012
S84,2027,0.012
S84,2028,0.012
S84,2029,0.012
S84,2030,0.012
S84,2031,0.012
S84,2032,0.012
S84,2033,0.012
S84,2034,0.012
S84,2035,0.012
S84,2036,0.012
S84,2037,0.012
S84,2038,0.012
S84,2039,0.012
S84,2040,0.012
S84,2041,0.012
S84,2042,0.012
S84,2043,0.012
S84,2044,0.012
S84,2045,0.012
S84,2046,0.012
S84,2047,0.012
S84,2048,0.012
S84,2049,0.012
S84,2050,0.012
S85,2019,0.006
S85,2020,0.006
S85,2021,0.006
S85,2022,0.006
S85,2023,0.006
S85,2024,0.006
S85,2025,0.006
S85,2026,0.006
S85,2027,0.006
S85,2028,0.006
S85,2029,0.006
S85,2030,0.006
S85,2031,0.006
S85,2032,0.006
S85,2033,0.006
S85,2034,0.006
S85,2035,0.006
S85,2036,0.006
S85,2037,0.006
S85,2038,0.006
S85,2039,0.006
S85,2040,0.006
S85,2041,0.006
S85,2042,0.006
S85,2043,0.006
S85,2044,0.006
S85,2045,0.006
S85,2046,0.006
S85,2047,0.006
S85,2048,0.006
S85,2049,0.006
S85,2050,0.006
S86,2019,0.009199999999999653
S86,2020,0.009199999999999653
S86,2021,0.009199999999999653
S86,2022,0.009199999999999653
S86,2023,0.009199999999999653
S86,2024,0.009199999999999653
S86,2025,0.009199999999999653
S86,2026,0.009199999999999653
S86,2027,0.009199999999999653
S86,2028,0.009199999999999653
S86,2029,0.009199999999999653
S86,2030,0.009199999999999653
S86,2031,0.009199999999999653
S86,2032,0.009199999999999653
S86,2033,0.009199999999999653
S86,2034,0.009199999999999653
S86,2035,0.009199999999999653
S86,2036,0.009199999999999653
S86,2037,0.009199999999999653
S86,2038,0.009199999999999653
S86,2039,0.009199999999999653
S86,2040,0.009199999999999653
S86,2041,0.009199999999999653
S86,2042,0.009199999999999653
S86,2043,0.009199999999999653
S86,2044,0.009199999999999653
S86,2045,0.009199999999999653
S86,2046,0.009199999999999653
S86,2047,0.009199999999999653
S86,2048,0.009199999999999653
S86,2049,0.009199999999999653
S86,2050,0.009199999999999653
